{
  "Profiles" : [
    {
      "Cursor Color" : {
        "Green Component" : 0.12549020349979401,
        "Blue Component" : 0.43529412150382996,
        "Red Component" : 0.76862746477127075
      },
      "Selected Text Color" : {
        "Green Component" : 0.96078431606292725,
        "Blue Component" : 0.52549022436141968,
        "Red Component" : 0.56078433990478516
      },
      "Bold Color" : {
        "Green Component" : 0.54509806632995605,
        "Blue Component" : 0.43921568989753723,
        "Red Component" : 0.14117647707462311
      },
      "Name" : "Default",
      "Non Ascii Font" : "Menlo-Regular 11",
      "Columns" : 120,
      "Cursor Guide Color" : {
        "Red Component" : 0.70213186740875244,
        "Color Space" : "sRGB",
        "Blue Component" : 1,
        "Alpha Component" : 0.25,
        "Green Component" : 0.9268307089805603
      },
      "Ansi 5 Color" : {
        "Green Component" : 0.10196078568696976,
        "Blue Component" : 0.62745100259780884,
        "Red Component" : 0.47058823704719543
      },
      "Triggers" : [
        {
          "regex" : "^ERROR",
          "action" : "CaptureTrigger",
          "parameter" : ""
        },
        {
          "regex" : "Traceback",
          "action" : "CaptureTrigger"
        },
        {
          "partial" : false,
          "regex" : "\\d+ failed.*seconds",
          "action" : "HighlightTrigger"
        },
        {
          "regex" : "(?<== )(\\d+ passed.*seconds)",
          "action" : "HighlightTrigger",
          "parameter" : "{#ffffff,#00ff00}"
        }
      ],
      "Rows" : 80,
      "Foreground Color" : {
        "Green Component" : 0.96078431606292725,
        "Blue Component" : 0.52549022436141968,
        "Red Component" : 0.56078433990478516
      },
      "Ansi 4 Color" : {
        "Green Component" : 0.96078431606292725,
        "Blue Component" : 0.52549022436141968,
        "Red Component" : 0.56078433990478516
      },
      "Flashing Bell" : true,
      "Ansi 10 Color" : {
        "Green Component" : 0.96078431606292725,
        "Blue Component" : 0.52549022436141968,
        "Red Component" : 0.56078433990478516
      },
      "Silence Bell" : true,
      "Ansi 3 Color" : {
        "Green Component" : 0.90588235855102539,
        "Blue Component" : 0.36078432202339172,
        "Red Component" : 0.91372549533843994
      },
      "Blur Radius" : 6.3963594543147195,
      "Ansi 12 Color" : {
        "Green Component" : 0.49019607901573181,
        "Blue Component" : 0.82352942228317261,
        "Red Component" : 0.23529411852359772
      },
      "Ansi 14 Color" : {
        "Green Component" : 0.73848795890808105,
        "Blue Component" : 0.40489012002944946,
        "Red Component" : 0.42398831248283386
      },
      "Title Components" : 64,
      "Right Option Key Sends" : 2,
      "Option Key Sends" : 2,
      "Use Separate Colors for Light and Dark Mode" : false,
      "Ansi 2 Color" : {
        "Green Component" : 0.64729022979736328,
        "Blue Component" : 1,
        "Red Component" : 0.23074191808700562
      },
      "Ansi 9 Color" : {
        "Green Component" : 0.19215686619281769,
        "Blue Component" : 0.18039216101169586,
        "Red Component" : 0.83137255907058716
      },
      "Guid" : "84DB1CC6-4E54-4BFD-B415-007FE113CB3E",
      "Badge Color" : {
        "Red Component" : 1,
        "Color Space" : "sRGB",
        "Blue Component" : 0,
        "Alpha Component" : 0.5,
        "Green Component" : 0.1491314172744751
      },
      "Transparency" : 0.10596843274111675,
      "Selection Color" : {
        "Green Component" : 0.31001487374305725,
        "Blue Component" : 0.69326639175415039,
        "Red Component" : 0.033376686275005341
      },
      "Ansi 1 Color" : {
        "Green Component" : 0.13725490868091583,
        "Blue Component" : 0.12549020349979401,
        "Red Component" : 1
      },
      "Ansi 8 Color" : {
        "Green Component" : 0.96604609489440918,
        "Blue Component" : 0.53491455316543579,
        "Red Component" : 1
      },
      "Rewritable" : true,
      "Minimum Contrast" : 0.50207674050632911,
      "Background Color" : {
        "Green Component" : 0.15686275064945221,
        "Blue Component" : 0.21960784494876862,
        "Red Component" : 0.078431375324726105
      },
      "Ansi 0 Color" : {
        "Green Component" : 0.15017002820968628,
        "Blue Component" : 0.19177328050136566,
        "Red Component" : 0.078583046793937683
      },
      "Ansi 7 Color" : {
        "Green Component" : 0.27381426095962524,
        "Blue Component" : 0.69674980640411377,
        "Red Component" : 0.729411780834198
      },
      "Custom Directory" : "Recycle",
      "Cursor Text Color" : {
        "Green Component" : 0.96078431606292725,
        "Blue Component" : 0.52549022436141968,
        "Red Component" : 0.56078433990478516
      },
      "Ansi 11 Color" : {
        "Green Component" : 0.94117647409439087,
        "Blue Component" : 0.42745098471641541,
        "Red Component" : 0.91372549533843994
      },
      "Ansi 13 Color" : {
        "Green Component" : 0.18823529779911041,
        "Blue Component" : 0.65490198135375977,
        "Red Component" : 0.50980395078659058
      },
      "Link Color" : {
        "Red Component" : 0,
        "Color Space" : "sRGB",
        "Blue Component" : 0.73423302173614502,
        "Alpha Component" : 1,
        "Green Component" : 0.35916060209274292
      },
      "Ansi 15 Color" : {
        "Green Component" : 0.96078431606292725,
        "Blue Component" : 0.52549022436141968,
        "Red Component" : 0.56078433990478516
      },
      "Ansi 6 Color" : {
        "Green Component" : 0.96078431606292725,
        "Blue Component" : 0.52549022436141968,
        "Red Component" : 0.56078433990478516
      }
    },
    {
      "Cursor Color" : {
        "Green Component" : 0.73333334922790527,
        "Blue Component" : 0.73333334922790527,
        "Red Component" : 0.73333334922790527
      },
      "Selected Text Color" : {
        "Green Component" : 0,
        "Blue Component" : 0,
        "Red Component" : 0
      },
      "Unlimited Scrollback" : false,
      "Bold Color" : {
        "Green Component" : 1,
        "Blue Component" : 1,
        "Red Component" : 1
      },
      "Name" : "Hotkey Window",
      "Columns" : 100,
      "Cursor Guide Color" : {
        "Red Component" : 0.70213186740875244,
        "Color Space" : "sRGB",
        "Blue Component" : 1,
        "Alpha Component" : 0.25,
        "Green Component" : 0.9268307089805603
      },
      "Ansi 5 Color" : {
        "Green Component" : 0,
        "Blue Component" : 0.73333334922790527,
        "Red Component" : 0.73333334922790527
      },
      "Triggers" : [
        {
          "regex" : "^ERROR",
          "action" : "CaptureTrigger",
          "parameter" : ""
        },
        {
          "regex" : "Traceback",
          "action" : "CaptureTrigger"
        }
      ],
      "Rows" : 50,
      "Foreground Color" : {
        "Green Component" : 0.73333334922790527,
        "Blue Component" : 0.73333334922790527,
        "Red Component" : 0.73333334922790527
      },
      "Ansi 4 Color" : {
        "Green Component" : 0,
        "Blue Component" : 0.73333334922790527,
        "Red Component" : 0
      },
      "HotKey Characters" : "\t",
      "Ansi 10 Color" : {
        "Green Component" : 1,
        "Blue Component" : 0.3333333432674408,
        "Red Component" : 0.3333333432674408
      },
      "Window Type" : 8,
      "Ansi 3 Color" : {
        "Green Component" : 0.73333334922790527,
        "Blue Component" : 0,
        "Red Component" : 0.73333334922790527
      },
      "Ansi 12 Color" : {
        "Green Component" : 0.3333333432674408,
        "Blue Component" : 1,
        "Red Component" : 0.3333333432674408
      },
      "Ansi 14 Color" : {
        "Green Component" : 1,
        "Blue Component" : 1,